<?xml version="1.0" encoding="iso-8859-1" standalone="no"?>
<comments
  xmlns:xsi='http://www.w3.org/2001/XMLSchema-instance'
  xsi:noNamespaceSchemaLocation='comments.xsd'
  name="zookeeper_3.1.1_to_zookeeper_3.4.11"
  jdversion="1.0.9">

<!-- This file contains comments for a JDiff report. -->
<!-- It is used only in generating the report, and does not need to ship with the final report. -->

<!-- The id attribute in an identifier element identifiers the change as noted in the report. -->
<!-- An id has the form package[.class[.[ctor|method|field].signature]], where [] indicates optional text. -->
<!-- A comment element can have multiple identifier elements, which will -->
<!-- will cause the same text to appear at each place in the report, but -->
<!-- will be converted to separate comments when the comments file is used. -->
<!-- HTML tags in the text field will appear in the report. -->
<comment>
  <identifier id="org.apache.zookeeper"/>
  <text>
    InsertCommentsHere
  </text>
</comment>
<comment>
  <identifier id="org.apache.zookeeper.AsyncCallback.ACLCallback"/>
  <text>
    InsertCommentsHere
  </text>
</comment>
<comment>
  <identifier id="org.apache.zookeeper.AsyncCallback.ACLCallback.processResult_changed(int, java.lang.String, java.lang.Object, java.util.List, org.apache.zookeeper.data.Stat)"/>
  <text>
    InsertCommentsHere
  </text>
</comment>
<comment>
  <identifier id="org.apache.zookeeper.AsyncCallback.Children2Callback"/>
  <text>
    InsertCommentsHere
  </text>
</comment>
<comment>
  <identifier id="org.apache.zookeeper.AsyncCallback.ChildrenCallback"/>
  <text>
    InsertCommentsHere
  </text>
</comment>
<comment>
  <identifier id="org.apache.zookeeper.AsyncCallback.ChildrenCallback.processResult_changed(int, java.lang.String, java.lang.Object, java.util.List)"/>
  <text>
    InsertCommentsHere
  </text>
</comment>
<comment>
  <identifier id="org.apache.zookeeper.AsyncCallback.DataCallback"/>
  <text>
    InsertCommentsHere
  </text>
</comment>
<comment>
  <identifier id="org.apache.zookeeper.AsyncCallback.DataCallback.processResult_changed(int, java.lang.String, java.lang.Object, byte[], org.apache.zookeeper.data.Stat)"/>
  <text>
    InsertCommentsHere
  </text>
</comment>
<comment>
  <identifier id="org.apache.zookeeper.AsyncCallback.MultiCallback"/>
  <text>
    InsertCommentsHere
  </text>
</comment>
<comment>
  <identifier id="org.apache.zookeeper.AsyncCallback.StatCallback"/>
  <text>
    InsertCommentsHere
  </text>
</comment>
<comment>
  <identifier id="org.apache.zookeeper.AsyncCallback.StatCallback.processResult_changed(int, java.lang.String, java.lang.Object, org.apache.zookeeper.data.Stat)"/>
  <text>
    InsertCommentsHere
  </text>
</comment>
<comment>
  <identifier id="org.apache.zookeeper.AsyncCallback.StringCallback"/>
  <text>
    InsertCommentsHere
  </text>
</comment>
<comment>
  <identifier id="org.apache.zookeeper.AsyncCallback.StringCallback.processResult_changed(int, java.lang.String, java.lang.Object, java.lang.String)"/>
  <text>
    InsertCommentsHere
  </text>
</comment>
<comment>
  <identifier id="org.apache.zookeeper.AsyncCallback.VoidCallback"/>
  <text>
    InsertCommentsHere
  </text>
</comment>
<comment>
  <identifier id="org.apache.zookeeper.AsyncCallback.VoidCallback.processResult_changed(int, java.lang.String, java.lang.Object)"/>
  <text>
    InsertCommentsHere
  </text>
</comment>
<comment>
  <identifier id="org.apache.zookeeper.ClientCnxn"/>
  <text>
    InsertCommentsHere
  </text>
</comment>
<comment>
  <identifier id="org.apache.zookeeper.ClientCnxn.ctor_added(java.lang.String, org.apache.zookeeper.client.HostProvider, int, org.apache.zookeeper.ZooKeeper, org.apache.zookeeper.ClientWatchManager, org.apache.zookeeper.ClientCnxnSocket, boolean)"/>
  <text>
    InsertCommentsHere
  </text>
</comment>
<comment>
  <identifier id="org.apache.zookeeper.ClientCnxn.ctor_added(java.lang.String, org.apache.zookeeper.client.HostProvider, int, org.apache.zookeeper.ZooKeeper, org.apache.zookeeper.ClientWatchManager, org.apache.zookeeper.ClientCnxnSocket, long, byte[], boolean)"/>
  <text>
    InsertCommentsHere
  </text>
</comment>
<comment>
  <identifier id="org.apache.zookeeper.ClientCnxn.ctor_removed(java.lang.String, int, org.apache.zookeeper.ZooKeeper, org.apache.zookeeper.ClientWatchManager)"/>
  <text>
    InsertCommentsHere
  </text>
</comment>
<comment>
  <identifier id="org.apache.zookeeper.ClientCnxn.ctor_removed(java.lang.String, int, org.apache.zookeeper.ZooKeeper, org.apache.zookeeper.ClientWatchManager, long, byte[])"/>
  <text>
    InsertCommentsHere
  </text>
</comment>
<comment>
  <identifier id="org.apache.zookeeper.ClientCnxn.disableAutoWatchReset"/>
  <text>
    InsertCommentsHere
  </text>
</comment>
<comment>
  <identifier id="org.apache.zookeeper.ClientCnxn.enableWrite_added()"/>
  <text>
    InsertCommentsHere
  </text>
</comment>
<comment>
  <identifier id="org.apache.zookeeper.ClientCnxn.getDisableAutoResetWatch_added()"/>
  <text>
    InsertCommentsHere
  </text>
</comment>
<comment>
  <identifier id="org.apache.zookeeper.ClientCnxn.getLastZxid_added()"/>
  <text>
    InsertCommentsHere
  </text>
</comment>
<comment>
  <identifier id="org.apache.zookeeper.ClientCnxn.getSessionTimeout_added()"/>
  <text>
    InsertCommentsHere
  </text>
</comment>
<comment>
  <identifier id="org.apache.zookeeper.ClientCnxn.getXid_added()"/>
  <text>
    InsertCommentsHere
  </text>
</comment>
<comment>
  <identifier id="org.apache.zookeeper.ClientCnxn.packetLen"/>
  <text>
    InsertCommentsHere
  </text>
</comment>
<comment>
  <identifier id="org.apache.zookeeper.ClientCnxn.sendPacket_added(org.apache.jute.Record, org.apache.jute.Record, org.apache.zookeeper.AsyncCallback, int)"/>
  <text>
    InsertCommentsHere
  </text>
</comment>
<comment>
  <identifier id="org.apache.zookeeper.ClientCnxn.setDisableAutoResetWatch_added(boolean)"/>
  <text>
    InsertCommentsHere
  </text>
</comment>
<comment>
  <identifier id="org.apache.zookeeper.ClientCnxn.start_added()"/>
  <text>
    InsertCommentsHere
  </text>
</comment>
<comment>
  <identifier id="org.apache.zookeeper.ClientCnxn.zooKeeperSaslClient"/>
  <text>
    InsertCommentsHere
  </text>
</comment>
<comment>
  <identifier id="org.apache.zookeeper.ClientCnxnSocketNIO"/>
  <text>
    InsertCommentsHere
  </text>
</comment>
<comment>
  <identifier id="org.apache.zookeeper.ClientWatchManager"/>
  <text>
    InsertCommentsHere
  </text>
</comment>
<comment>
  <identifier id="org.apache.zookeeper.ClientWatchManager.materialize_changed(org.apache.zookeeper.Watcher.Event.KeeperState, org.apache.zookeeper.Watcher.Event.EventType, java.lang.String)"/>
  <text>
    InsertCommentsHere
  </text>
</comment>
<comment>
  <identifier id="org.apache.zookeeper.Environment"/>
  <text>
    InsertCommentsHere
  </text>
</comment>
<comment>
  <identifier id="org.apache.zookeeper.Environment.JAAS_CONF_KEY"/>
  <text>
    InsertCommentsHere
  </text>
</comment>
<comment>
  <identifier id="org.apache.zookeeper.Environment.logEnv_changed(java.lang.String, org.slf4j.Logger)"/>
  <text>
    InsertCommentsHere
  </text>
</comment>
<comment>
  <identifier id="org.apache.zookeeper.KeeperException"/>
  <text>
    InsertCommentsHere
  </text>
</comment>
<comment>
  <identifier id="org.apache.zookeeper.KeeperException.BadArgumentsException"/>
  <text>
    InsertCommentsHere
  </text>
</comment>
<comment>
  <identifier id="org.apache.zookeeper.KeeperException.BadArgumentsException.ctor_added(java.lang.String)"/>
  <text>
    InsertCommentsHere
  </text>
</comment>
<comment>
  <identifier id="org.apache.zookeeper.KeeperException.BadVersionException"/>
  <text>
    InsertCommentsHere
  </text>
</comment>
<comment>
  <identifier id="org.apache.zookeeper.KeeperException.BadVersionException.ctor_added(java.lang.String)"/>
  <text>
    InsertCommentsHere
  </text>
</comment>
<comment>
  <identifier id="org.apache.zookeeper.KeeperException.Code"/>
  <text>
    InsertCommentsHere
  </text>
</comment>
<comment>
  <identifier id="org.apache.zookeeper.KeeperException.Code.NOTREADONLY"/>
  <text>
    InsertCommentsHere
  </text>
</comment>
<comment>
  <identifier id="org.apache.zookeeper.KeeperException.Code.SESSIONMOVED"/>
  <text>
    InsertCommentsHere
  </text>
</comment>
<comment>
  <identifier id="org.apache.zookeeper.KeeperException.InvalidACLException"/>
  <text>
    InsertCommentsHere
  </text>
</comment>
<comment>
  <identifier id="org.apache.zookeeper.KeeperException.InvalidACLException.ctor_added(java.lang.String)"/>
  <text>
    InsertCommentsHere
  </text>
</comment>
<comment>
  <identifier id="org.apache.zookeeper.KeeperException.NoChildrenForEphemeralsException"/>
  <text>
    InsertCommentsHere
  </text>
</comment>
<comment>
  <identifier id="org.apache.zookeeper.KeeperException.NoChildrenForEphemeralsException.ctor_added(java.lang.String)"/>
  <text>
    InsertCommentsHere
  </text>
</comment>
<comment>
  <identifier id="org.apache.zookeeper.KeeperException.NoNodeException"/>
  <text>
    InsertCommentsHere
  </text>
</comment>
<comment>
  <identifier id="org.apache.zookeeper.KeeperException.NoNodeException.ctor_added(java.lang.String)"/>
  <text>
    InsertCommentsHere
  </text>
</comment>
<comment>
  <identifier id="org.apache.zookeeper.KeeperException.NodeExistsException"/>
  <text>
    InsertCommentsHere
  </text>
</comment>
<comment>
  <identifier id="org.apache.zookeeper.KeeperException.NodeExistsException.ctor_added(java.lang.String)"/>
  <text>
    InsertCommentsHere
  </text>
</comment>
<comment>
  <identifier id="org.apache.zookeeper.KeeperException.NotEmptyException"/>
  <text>
    InsertCommentsHere
  </text>
</comment>
<comment>
  <identifier id="org.apache.zookeeper.KeeperException.NotEmptyException.ctor_added(java.lang.String)"/>
  <text>
    InsertCommentsHere
  </text>
</comment>
<comment>
  <identifier id="org.apache.zookeeper.KeeperException.NotReadOnlyException"/>
  <text>
    InsertCommentsHere
  </text>
</comment>
<comment>
  <identifier id="org.apache.zookeeper.KeeperException.SessionMovedException"/>
  <text>
    InsertCommentsHere
  </text>
</comment>
<comment>
  <identifier id="org.apache.zookeeper.KeeperException.getResults_added()"/>
  <text>
    InsertCommentsHere
  </text>
</comment>
<comment>
  <identifier id="org.apache.zookeeper.Login"/>
  <text>
    InsertCommentsHere
  </text>
</comment>
<comment>
  <identifier id="org.apache.zookeeper.MultiResponse"/>
  <text>
    InsertCommentsHere
  </text>
</comment>
<comment>
  <identifier id="org.apache.zookeeper.MultiTransactionRecord"/>
  <text>
    InsertCommentsHere
  </text>
</comment>
<comment>
  <identifier id="org.apache.zookeeper.Op"/>
  <text>
    InsertCommentsHere
  </text>
</comment>
<comment>
  <identifier id="org.apache.zookeeper.Op.Check"/>
  <text>
    InsertCommentsHere
  </text>
</comment>
<comment>
  <identifier id="org.apache.zookeeper.Op.Create"/>
  <text>
    InsertCommentsHere
  </text>
</comment>
<comment>
  <identifier id="org.apache.zookeeper.Op.Delete"/>
  <text>
    InsertCommentsHere
  </text>
</comment>
<comment>
  <identifier id="org.apache.zookeeper.Op.SetData"/>
  <text>
    InsertCommentsHere
  </text>
</comment>
<comment>
  <identifier id="org.apache.zookeeper.OpResult"/>
  <text>
    InsertCommentsHere
  </text>
</comment>
<comment>
  <identifier id="org.apache.zookeeper.OpResult.CheckResult"/>
  <text>
    InsertCommentsHere
  </text>
</comment>
<comment>
  <identifier id="org.apache.zookeeper.OpResult.CreateResult"/>
  <text>
    InsertCommentsHere
  </text>
</comment>
<comment>
  <identifier id="org.apache.zookeeper.OpResult.DeleteResult"/>
  <text>
    InsertCommentsHere
  </text>
</comment>
<comment>
  <identifier id="org.apache.zookeeper.OpResult.ErrorResult"/>
  <text>
    InsertCommentsHere
  </text>
</comment>
<comment>
  <identifier id="org.apache.zookeeper.OpResult.SetDataResult"/>
  <text>
    InsertCommentsHere
  </text>
</comment>
<comment>
  <identifier id="org.apache.zookeeper.SaslClientCallbackHandler"/>
  <text>
    InsertCommentsHere
  </text>
</comment>
<comment>
  <identifier id="org.apache.zookeeper.Shell"/>
  <text>
    InsertCommentsHere
  </text>
</comment>
<comment>
  <identifier id="org.apache.zookeeper.Shell.ExitCodeException"/>
  <text>
    InsertCommentsHere
  </text>
</comment>
<comment>
  <identifier id="org.apache.zookeeper.Shell.ShellCommandExecutor"/>
  <text>
    InsertCommentsHere
  </text>
</comment>
<comment>
  <identifier id="org.apache.zookeeper.Transaction"/>
  <text>
    InsertCommentsHere
  </text>
</comment>
<comment>
  <identifier id="org.apache.zookeeper.Version"/>
  <text>
    InsertCommentsHere
  </text>
</comment>
<comment>
  <identifier id="org.apache.zookeeper.Version.getRevisionHash_added()"/>
  <text>
    InsertCommentsHere
  </text>
</comment>
<comment>
  <identifier id="org.apache.zookeeper.Watcher"/>
  <text>
    InsertCommentsHere
  </text>
</comment>
<comment>
  <identifier id="org.apache.zookeeper.Watcher.Event.KeeperState"/>
  <text>
    InsertCommentsHere
  </text>
</comment>
<comment>
  <identifier id="org.apache.zookeeper.Watcher.Event.KeeperState.AuthFailed"/>
  <text>
    InsertCommentsHere
  </text>
</comment>
<comment>
  <identifier id="org.apache.zookeeper.Watcher.Event.KeeperState.ConnectedReadOnly"/>
  <text>
    InsertCommentsHere
  </text>
</comment>
<comment>
  <identifier id="org.apache.zookeeper.Watcher.Event.KeeperState.SaslAuthenticated"/>
  <text>
    InsertCommentsHere
  </text>
</comment>
<comment>
  <identifier id="org.apache.zookeeper.Watcher.process_changed(org.apache.zookeeper.WatchedEvent)"/>
  <text>
    InsertCommentsHere
  </text>
</comment>
<comment>
  <identifier id="org.apache.zookeeper.ZKUtil"/>
  <text>
    InsertCommentsHere
  </text>
</comment>
<comment>
  <identifier id="org.apache.zookeeper.ZooDefs.OpCode"/>
  <text>
    InsertCommentsHere
  </text>
</comment>
<comment>
  <identifier id="org.apache.zookeeper.ZooDefs.OpCode.check"/>
  <text>
    InsertCommentsHere
  </text>
</comment>
<comment>
  <identifier id="org.apache.zookeeper.ZooDefs.OpCode.getChildren2"/>
  <text>
    InsertCommentsHere
  </text>
</comment>
<comment>
  <identifier id="org.apache.zookeeper.ZooDefs.OpCode.multi"/>
  <text>
    InsertCommentsHere
  </text>
</comment>
<comment>
  <identifier id="org.apache.zookeeper.ZooDefs.OpCode.sasl"/>
  <text>
    InsertCommentsHere
  </text>
</comment>
<comment>
  <identifier id="org.apache.zookeeper.ZooKeeper"/>
  <text>
    InsertCommentsHere
  </text>
</comment>
<comment>
  <identifier id="org.apache.zookeeper.ZooKeeper.States"/>
  <text>
    InsertCommentsHere
  </text>
</comment>
<comment>
  <identifier id="org.apache.zookeeper.ZooKeeper.States.CONNECTEDREADONLY"/>
  <text>
    InsertCommentsHere
  </text>
</comment>
<comment>
  <identifier id="org.apache.zookeeper.ZooKeeper.States.NOT_CONNECTED"/>
  <text>
    InsertCommentsHere
  </text>
</comment>
<comment>
  <identifier id="org.apache.zookeeper.ZooKeeper.States.isConnected_added()"/>
  <text>
    InsertCommentsHere
  </text>
</comment>
<comment>
  <identifier id="org.apache.zookeeper.ZooKeeper.ZOOKEEPER_CLIENT_CNXN_SOCKET"/>
  <text>
    InsertCommentsHere
  </text>
</comment>
<comment>
  <identifier id="org.apache.zookeeper.ZooKeeper.ctor_added(java.lang.String, int, org.apache.zookeeper.Watcher, boolean)"/>
  <text>
    InsertCommentsHere
  </text>
</comment>
<comment>
  <identifier id="org.apache.zookeeper.ZooKeeper.ctor_added(java.lang.String, int, org.apache.zookeeper.Watcher, long, byte[], boolean)"/>
  <text>
    InsertCommentsHere
  </text>
</comment>
<comment>
  <identifier id="org.apache.zookeeper.ZooKeeper.getChildren_added(java.lang.String, boolean, org.apache.zookeeper.AsyncCallback.Children2Callback, java.lang.Object)"/>
  <text>
    InsertCommentsHere
  </text>
</comment>
<comment>
  <identifier id="org.apache.zookeeper.ZooKeeper.getChildren_added(java.lang.String, boolean, org.apache.zookeeper.data.Stat)"/>
  <text>
    InsertCommentsHere
  </text>
</comment>
<comment>
  <identifier id="org.apache.zookeeper.ZooKeeper.getChildren_added(java.lang.String, org.apache.zookeeper.Watcher, org.apache.zookeeper.AsyncCallback.Children2Callback, java.lang.Object)"/>
  <text>
    InsertCommentsHere
  </text>
</comment>
<comment>
  <identifier id="org.apache.zookeeper.ZooKeeper.getChildren_added(java.lang.String, org.apache.zookeeper.Watcher, org.apache.zookeeper.data.Stat)"/>
  <text>
    InsertCommentsHere
  </text>
</comment>
<comment>
  <identifier id="org.apache.zookeeper.ZooKeeper.getSaslClient_added()"/>
  <text>
    InsertCommentsHere
  </text>
</comment>
<comment>
  <identifier id="org.apache.zookeeper.ZooKeeper.getSessionTimeout_added()"/>
  <text>
    InsertCommentsHere
  </text>
</comment>
<comment>
  <identifier id="org.apache.zookeeper.ZooKeeper.multiInternal_added(org.apache.zookeeper.MultiTransactionRecord)"/>
  <text>
    InsertCommentsHere
  </text>
</comment>
<comment>
  <identifier id="org.apache.zookeeper.ZooKeeper.multiInternal_added(org.apache.zookeeper.MultiTransactionRecord, org.apache.zookeeper.AsyncCallback.MultiCallback, java.lang.Object)"/>
  <text>
    InsertCommentsHere
  </text>
</comment>
<comment>
  <identifier id="org.apache.zookeeper.ZooKeeper.multi_added(java.lang.Iterable)"/>
  <text>
    InsertCommentsHere
  </text>
</comment>
<comment>
  <identifier id="org.apache.zookeeper.ZooKeeper.multi_added(java.lang.Iterable, org.apache.zookeeper.AsyncCallback.MultiCallback, java.lang.Object)"/>
  <text>
    InsertCommentsHere
  </text>
</comment>
<comment>
  <identifier id="org.apache.zookeeper.ZooKeeper.testableLocalSocketAddress_added()"/>
  <text>
    InsertCommentsHere
  </text>
</comment>
<comment>
  <identifier id="org.apache.zookeeper.ZooKeeper.testableRemoteSocketAddress_added()"/>
  <text>
    InsertCommentsHere
  </text>
</comment>
<comment>
  <identifier id="org.apache.zookeeper.ZooKeeper.testableWaitForShutdown_added(int)"/>
  <text>
    InsertCommentsHere
  </text>
</comment>
<comment>
  <identifier id="org.apache.zookeeper.ZooKeeper.toString_added()"/>
  <text>
    InsertCommentsHere
  </text>
</comment>
<comment>
  <identifier id="org.apache.zookeeper.ZooKeeper.transaction_added()"/>
  <text>
    InsertCommentsHere
  </text>
</comment>
<comment>
  <identifier id="org.apache.zookeeper.ZooKeeper.validatePath_removed(java.lang.String)"/>
  <text>
    InsertCommentsHere
  </text>
</comment>
<comment>
  <identifier id="org.apache.zookeeper.ZooKeeperMain"/>
  <text>
    InsertCommentsHere
  </text>
</comment>
<comment>
  <identifier id="org.apache.zookeeper.ZooKeeperMain.addToHistory_added(int, java.lang.String)"/>
  <text>
    InsertCommentsHere
  </text>
</comment>
<comment>
  <identifier id="org.apache.zookeeper.ZooKeeperMain.cl"/>
  <text>
    InsertCommentsHere
  </text>
</comment>
<comment>
  <identifier id="org.apache.zookeeper.ZooKeeperMain.commandCount"/>
  <text>
    InsertCommentsHere
  </text>
</comment>
<comment>
  <identifier id="org.apache.zookeeper.ZooKeeperMain.connectToZK_added(java.lang.String)"/>
  <text>
    InsertCommentsHere
  </text>
</comment>
<comment>
  <identifier id="org.apache.zookeeper.ZooKeeperMain.ctor_added(java.lang.String[])"/>
  <text>
    InsertCommentsHere
  </text>
</comment>
<comment>
  <identifier id="org.apache.zookeeper.ZooKeeperMain.ctor_added(org.apache.zookeeper.ZooKeeper)"/>
  <text>
    InsertCommentsHere
  </text>
</comment>
<comment>
  <identifier id="org.apache.zookeeper.ZooKeeperMain.ctor_removed()"/>
  <text>
    InsertCommentsHere
  </text>
</comment>
<comment>
  <identifier id="org.apache.zookeeper.ZooKeeperMain.executeLine_added(java.lang.String)"/>
  <text>
    InsertCommentsHere
  </text>
</comment>
<comment>
  <identifier id="org.apache.zookeeper.ZooKeeperMain.getCommands_added()"/>
  <text>
    InsertCommentsHere
  </text>
</comment>
<comment>
  <identifier id="org.apache.zookeeper.ZooKeeperMain.getPrintWatches_added()"/>
  <text>
    InsertCommentsHere
  </text>
</comment>
<comment>
  <identifier id="org.apache.zookeeper.ZooKeeperMain.getPrompt_added()"/>
  <text>
    InsertCommentsHere
  </text>
</comment>
<comment>
  <identifier id="org.apache.zookeeper.ZooKeeperMain.history"/>
  <text>
    InsertCommentsHere
  </text>
</comment>
<comment>
  <identifier id="org.apache.zookeeper.ZooKeeperMain.host"/>
  <text>
    InsertCommentsHere
  </text>
</comment>
<comment>
  <identifier id="org.apache.zookeeper.ZooKeeperMain.main_changed(java.lang.String[])"/>
  <text>
    InsertCommentsHere
  </text>
</comment>
<comment>
  <identifier id="org.apache.zookeeper.ZooKeeperMain.printMessage_added(java.lang.String)"/>
  <text>
    InsertCommentsHere
  </text>
</comment>
<comment>
  <identifier id="org.apache.zookeeper.ZooKeeperMain.printWatches"/>
  <text>
    InsertCommentsHere
  </text>
</comment>
<comment>
  <identifier id="org.apache.zookeeper.ZooKeeperMain.processCmd_added(org.apache.zookeeper.ZooKeeperMain.MyCommandOptions)"/>
  <text>
    InsertCommentsHere
  </text>
</comment>
<comment>
  <identifier id="org.apache.zookeeper.ZooKeeperMain.processZKCmd_added(org.apache.zookeeper.ZooKeeperMain.MyCommandOptions)"/>
  <text>
    InsertCommentsHere
  </text>
</comment>
<comment>
  <identifier id="org.apache.zookeeper.ZooKeeperMain.zk"/>
  <text>
    InsertCommentsHere
  </text>
</comment>

</comments>
